{
    "regression_metrics": {
        "mse": 0.45756086707115173,
        "rmse": 0.6764324556606903,
        "mae": 0.5544759035110474,
        "r2": 0.16813814640045166
    },
    "classification_metrics": {
        "precision": 0.9580506192784061,
        "recall": 1.0,
        "f1": 0.9785759467561398,
        "accuracy": 0.9580506192784061
    },
    "inference_time": 3.8604949454049234e-05
}