{
    "regression_metrics": {
        "mse": 0.5077219009399414,
        "rmse": 0.7125460693456539,
        "mae": 0.589180052280426,
        "r2": 0.06864219903945923
    },
    "classification_metrics": {
        "precision": 0.964551091938528,
        "recall": 0.9998882032018603,
        "f1": 0.9819018186010001,
        "accuracy": 0.9644493805328819
    },
    "inference_time": 1.375115358261737e-05
}