{
  "timestamp": "2025-11-23T15:30:44.249751",
  "metrics": {
    "rmse": 0.5861647101788937,
    "mae": 0.4752865135669708,
    "r2": 0.38017725944519043
  },
  "avg_infer_time_sec": 1.4e-05,
  "test_samples": 18570,
  "training_time_sec": 17.13,
  "train_samples": 74280
}