{
    "regression_metrics": {
        "mse": 0.2920561730861664,
        "rmse": 0.5404222174246414,
        "mae": 0.43856942653656006,
        "r2": 0.46903151273727417
    },
    "classification_metrics": {
        "precision": 0.9682505046096775,
        "recall": 0.9976392558034961,
        "f1": 0.9827252090138974,
        "accuracy": 0.9663974151857835
    },
    "inference_time": 1.1345334892704336e-05
}